{"name":"list","instructions":[{"op":{"name":"prim::Load___","overloadName":""},"outputs":[{"uniqueId":0},{"uniqueId":1},{"uniqueId":2},{"uniqueId":3},{"uniqueId":4},{"uniqueId":5},{"uniqueId":6},{"uniqueId":7},{"uniqueId":8}],"attributes":[{"kind":"t","tensorId":"0"},{"kind":"t","tensorId":"1"},{"kind":"t","tensorId":"2"},{"kind":"t","tensorId":"3"},{"kind":"t","tensorId":"4"},{"kind":"t","tensorId":"5"},{"kind":"t","tensorId":"6"},{"kind":"t","tensorId":"7"}]},{"op":{"name":"prim::Constant___","overloadName":""},"outputs":[{"uniqueId":9}],"attributes":[{"kind":"is","intList":["-1","800"]}]},{"op":{"name":"prim::Constant___","overloadName":""},"outputs":[{"uniqueId":10}],"attributes":[{"kind":"is","intList":["2","2"]}]},{"op":{"name":"prim::Constant___","overloadName":""},"outputs":[{"uniqueId":11}],"attributes":[{"kind":"is","intList":["0","0"]}]},{"op":{"name":"prim::Constant___","overloadName":""},"outputs":[{"uniqueId":12}],"attributes":[{"kind":"is","intList":["1","1"]}]},{"op":{"name":"prim::Constant___","overloadName":""},"outputs":[{"uniqueId":13}],"attributes":[{"kind":"i","intValue":"1"}]},{"op":{"name":"prim::Constant___","overloadName":""},"outputs":[{"uniqueId":14}],"attributes":[{"kind":"b","boolValue":false}]},{"op":{"name":"prim::Constant___","overloadName":""},"outputs":[{"uniqueId":15}],"attributes":[{"kind":"b","boolValue":true}]},{"op":{"name":"prim::Constant___","overloadName":""},"outputs":[{"uniqueId":16}],"attributes":[{"kind":"is","intList":["1","1"]}]},{"op":{"name":"prim::Constant___","overloadName":""},"outputs":[{"uniqueId":17}],"attributes":[{"kind":"is","intList":["0","0"]}]},{"op":{"name":"aten::_convolution_Tensor_Tensor_Tensor?_int[]_int[]_int[]_bool_int[]_int_bool_bool_bool__Tensor","overloadName":""},"inputs":[{"uniqueId":0,"freeFlag":true},{"uniqueId":8,"freeFlag":true},{"uniqueId":7,"freeFlag":true},{"uniqueId":12,"freeFlag":true},{"uniqueId":11,"freeFlag":true},{"uniqueId":16,"freeFlag":true},{"uniqueId":14,"freeFlag":false},{"uniqueId":17,"freeFlag":true},{"uniqueId":13,"freeFlag":false},{"uniqueId":14,"freeFlag":false},{"uniqueId":14,"freeFlag":false},{"uniqueId":15,"freeFlag":false}],"outputs":[{"uniqueId":18}]},{"op":{"name":"aten::relu_Tensor__Tensor","overloadName":""},"inputs":[{"uniqueId":18,"freeFlag":true}],"outputs":[{"uniqueId":19}]},{"op":{"name":"prim::Constant___","overloadName":""},"outputs":[{"uniqueId":20}],"attributes":[{"kind":"is","intList":["2","2"]}]},{"op":{"name":"prim::Constant___","overloadName":""},"outputs":[{"uniqueId":21}],"attributes":[{"kind":"is","intList":["0","0"]}]},{"op":{"name":"prim::Constant___","overloadName":""},"outputs":[{"uniqueId":22}],"attributes":[{"kind":"is","intList":["1","1"]}]},{"op":{"name":"aten::max_pool2d_Tensor_int[]_int[]_int[]_int[]_bool__Tensor","overloadName":""},"inputs":[{"uniqueId":19,"freeFlag":true},{"uniqueId":10,"freeFlag":true},{"uniqueId":20,"freeFlag":true},{"uniqueId":21,"freeFlag":true},{"uniqueId":22,"freeFlag":true},{"uniqueId":14,"freeFlag":false}],"outputs":[{"uniqueId":23}]},{"op":{"name":"prim::Constant___","overloadName":""},"outputs":[{"uniqueId":24}],"attributes":[{"kind":"is","intList":["1","1"]}]},{"op":{"name":"prim::Constant___","overloadName":""},"outputs":[{"uniqueId":25}],"attributes":[{"kind":"is","intList":["0","0"]}]},{"op":{"name":"prim::Constant___","overloadName":""},"outputs":[{"uniqueId":26}],"attributes":[{"kind":"is","intList":["1","1"]}]},{"op":{"name":"prim::Constant___","overloadName":""},"outputs":[{"uniqueId":27}],"attributes":[{"kind":"is","intList":["0","0"]}]},{"op":{"name":"aten::_convolution_Tensor_Tensor_Tensor?_int[]_int[]_int[]_bool_int[]_int_bool_bool_bool__Tensor","overloadName":""},"inputs":[{"uniqueId":23,"freeFlag":true},{"uniqueId":6,"freeFlag":true},{"uniqueId":5,"freeFlag":true},{"uniqueId":24,"freeFlag":true},{"uniqueId":25,"freeFlag":true},{"uniqueId":26,"freeFlag":true},{"uniqueId":14,"freeFlag":false},{"uniqueId":27,"freeFlag":true},{"uniqueId":13,"freeFlag":false},{"uniqueId":14,"freeFlag":false},{"uniqueId":14,"freeFlag":false},{"uniqueId":15,"freeFlag":true}],"outputs":[{"uniqueId":28}]},{"op":{"name":"aten::relu_Tensor__Tensor","overloadName":""},"inputs":[{"uniqueId":28,"freeFlag":true}],"outputs":[{"uniqueId":29}]},{"op":{"name":"prim::Constant___","overloadName":""},"outputs":[{"uniqueId":30}],"attributes":[{"kind":"is","intList":["2","2"]}]},{"op":{"name":"prim::Constant___","overloadName":""},"outputs":[{"uniqueId":31}],"attributes":[{"kind":"is","intList":["2","2"]}]},{"op":{"name":"prim::Constant___","overloadName":""},"outputs":[{"uniqueId":32}],"attributes":[{"kind":"is","intList":["0","0"]}]},{"op":{"name":"prim::Constant___","overloadName":""},"outputs":[{"uniqueId":33}],"attributes":[{"kind":"is","intList":["1","1"]}]},{"op":{"name":"aten::max_pool2d_Tensor_int[]_int[]_int[]_int[]_bool__Tensor","overloadName":""},"inputs":[{"uniqueId":29,"freeFlag":true},{"uniqueId":30,"freeFlag":true},{"uniqueId":31,"freeFlag":true},{"uniqueId":32,"freeFlag":true},{"uniqueId":33,"freeFlag":true},{"uniqueId":14,"freeFlag":true}],"outputs":[{"uniqueId":34}]},{"op":{"name":"aten::view_Tensor_int[]__Tensor","overloadName":""},"inputs":[{"uniqueId":34,"freeFlag":true},{"uniqueId":9,"freeFlag":true}],"outputs":[{"uniqueId":35}]},{"op":{"name":"aten::t_Tensor__Tensor","overloadName":""},"inputs":[{"uniqueId":4,"freeFlag":true}],"outputs":[{"uniqueId":36}]},{"op":{"name":"aten::mm_Tensor_Tensor__Tensor","overloadName":""},"inputs":[{"uniqueId":35,"freeFlag":true},{"uniqueId":36,"freeFlag":true}],"outputs":[{"uniqueId":37}]},{"op":{"name":"aten::add_Tensor_Tensor_Scalar__Tensor","overloadName":""},"inputs":[{"uniqueId":3,"freeFlag":true},{"uniqueId":37,"freeFlag":true},{"uniqueId":13,"freeFlag":false}],"outputs":[{"uniqueId":38}]},{"op":{"name":"aten::relu_Tensor__Tensor","overloadName":""},"inputs":[{"uniqueId":38,"freeFlag":true}],"outputs":[{"uniqueId":39}]},{"op":{"name":"aten::t_Tensor__Tensor","overloadName":""},"inputs":[{"uniqueId":2,"freeFlag":true}],"outputs":[{"uniqueId":40}]},{"op":{"name":"aten::mm_Tensor_Tensor__Tensor","overloadName":""},"inputs":[{"uniqueId":39,"freeFlag":true},{"uniqueId":40,"freeFlag":true}],"outputs":[{"uniqueId":41}]},{"op":{"name":"aten::add_Tensor_Tensor_Scalar__Tensor","overloadName":""},"inputs":[{"uniqueId":1,"freeFlag":true},{"uniqueId":41,"freeFlag":true},{"uniqueId":13,"freeFlag":false}],"outputs":[{"uniqueId":42}]},{"op":{"name":"aten::log_softmax_Tensor_int__Tensor","overloadName":""},"inputs":[{"uniqueId":42,"freeFlag":true},{"uniqueId":13,"freeFlag":true}],"outputs":[{"uniqueId":43}]},{"op":{"name":"prim::Store___","overloadName":""},"inputs":[{"uniqueId":43,"freeFlag":true}]}],"tensors":[{"dims":["10"],"offset":"0","strides":["1"],"requiresGrad":true,"dataType":"FLOAT","data":{"key":"tensors/0"},"device":"cpu"},{"dims":["10","500"],"offset":"0","strides":["500","1"],"requiresGrad":true,"dataType":"FLOAT","data":{"key":"tensors/1"},"device":"cpu"},{"dims":["500"],"offset":"0","strides":["1"],"requiresGrad":true,"dataType":"FLOAT","data":{"key":"tensors/2"},"device":"cpu"},{"dims":["500","800"],"offset":"0","strides":["800","1"],"requiresGrad":true,"dataType":"FLOAT","data":{"key":"tensors/3"},"device":"cpu"},{"dims":["50"],"offset":"0","strides":["1"],"requiresGrad":true,"dataType":"FLOAT","data":{"key":"tensors/4"},"device":"cpu"},{"dims":["50","20","5","5"],"offset":"0","strides":["500","25","5","1"],"requiresGrad":true,"dataType":"FLOAT","data":{"key":"tensors/5"},"device":"cpu"},{"dims":["20"],"offset":"0","strides":["1"],"requiresGrad":true,"dataType":"FLOAT","data":{"key":"tensors/6"},"device":"cpu"},{"dims":["20","1","5","5"],"offset":"0","strides":["25","25","5","1"],"requiresGrad":true,"dataType":"FLOAT","data":{"key":"tensors/7"},"device":"cpu"}]}