{
  "name": "list",
  "instructions": [
    {
      "op": {
        "name": "prim::Load___",
        "overloadName": ""
      },
      "outputs": [
        {
          "uniqueId": 0
        },
        {
          "uniqueId": 1
        },
        {
          "uniqueId": 2
        },
        {
          "uniqueId": 3
        },
        {
          "uniqueId": 4
        },
        {
          "uniqueId": 5
        },
        {
          "uniqueId": 6
        },
        {
          "uniqueId": 7
        },
        {
          "uniqueId": 8
        }
      ],
      "attributes": [
        {
          "kind": "t",
          "tensorId": "0"
        },
        {
          "kind": "t",
          "tensorId": "1"
        },
        {
          "kind": "t",
          "tensorId": "2"
        },
        {
          "kind": "t",
          "tensorId": "3"
        },
        {
          "kind": "t",
          "tensorId": "4"
        },
        {
          "kind": "t",
          "tensorId": "5"
        },
        {
          "kind": "t",
          "tensorId": "6"
        },
        {
          "kind": "t",
          "tensorId": "7"
        }
      ]
    },
    {
      "op": {
        "name": "prim::Constant___",
        "overloadName": ""
      },
      "outputs": [
        {
          "uniqueId": 9
        }
      ],
      "attributes": [
        {
          "kind": "is",
          "intList": [
            "-1",
            "800"
          ]
        }
      ]
    },
    {
      "op": {
        "name": "prim::Constant___",
        "overloadName": ""
      },
      "outputs": [
        {
          "uniqueId": 10
        }
      ],
      "attributes": [
        {
          "kind": "is",
          "intList": [
            "2",
            "2"
          ]
        }
      ]
    },
    {
      "op": {
        "name": "prim::Constant___",
        "overloadName": ""
      },
      "outputs": [
        {
          "uniqueId": 11
        }
      ],
      "attributes": [
        {
          "kind": "is",
          "intList": [
            "0",
            "0"
          ]
        }
      ]
    },
    {
      "op": {
        "name": "prim::Constant___",
        "overloadName": ""
      },
      "outputs": [
        {
          "uniqueId": 12
        }
      ],
      "attributes": [
        {
          "kind": "is",
          "intList": [
            "1",
            "1"
          ]
        }
      ]
    },
    {
      "op": {
        "name": "prim::Constant___",
        "overloadName": ""
      },
      "outputs": [
        {
          "uniqueId": 13
        }
      ],
      "attributes": [
        {
          "kind": "i",
          "intValue": "1"
        }
      ]
    },
    {
      "op": {
        "name": "prim::Constant___",
        "overloadName": ""
      },
      "outputs": [
        {
          "uniqueId": 14
        }
      ],
      "attributes": [
        {
          "kind": "b",
          "boolValue": false
        }
      ]
    },
    {
      "op": {
        "name": "prim::Constant___",
        "overloadName": ""
      },
      "outputs": [
        {
          "uniqueId": 15
        }
      ],
      "attributes": [
        {
          "kind": "b",
          "boolValue": true
        }
      ]
    },
    {
      "op": {
        "name": "prim::Constant___",
        "overloadName": ""
      },
      "outputs": [
        {
          "uniqueId": 16
        }
      ],
      "attributes": [
        {
          "kind": "is",
          "intList": [
            "1",
            "1"
          ]
        }
      ]
    },
    {
      "op": {
        "name": "prim::Constant___",
        "overloadName": ""
      },
      "outputs": [
        {
          "uniqueId": 17
        }
      ],
      "attributes": [
        {
          "kind": "is",
          "intList": [
            "0",
            "0"
          ]
        }
      ]
    },
    {
      "op": {
        "name": "prim::Constant___",
        "overloadName": ""
      },
      "outputs": [
        {
          "uniqueId": 62
        }
      ],
      "attributes": [
        {
          "kind": "f",
          "floatValue": 0.0144
        }
      ]
    },
    {
      "op": {
        "name": "aten::quantize_linear",
        "overloadName": ""
      },
      "inputs": [
        {
          "uniqueId": 0,
          "freeFlag": false
        },
        {
          "uniqueId": 62,
          "freeFlag": true
        },
        {
          "uniqueId": 47,
          "freeFlag": false
        }
      ],
      "outputs": [
        {
          "uniqueId": 59
        }
      ]
    },
    {
      "op": {
        "name": "prim::Constant___",
        "overloadName": ""
      },
      "outputs": [
        {
          "uniqueId": 63
        }
      ],
      "attributes": [
        {
          "kind": "f",
          "floatValue": 0.0015
        }
      ]
    },
    {
     "op": {
       "name": "prim::Constant___",
       "overloadName": ""
     },
     "outputs": [
       {
         "uniqueId": 71
       }
     ],
     "attributes": [
       {
         "kind": "is",
         "intList": [
           "0",
           "2",
           "3",
           "1"
         ]
       }
     ]
   },
    {
      "op": {
        "name": "aten::permute_Tensor_int[]__Tensor",
        "overloadName": ""
      },
      "inputs": [
        {
          "uniqueId": 8,
          "freeFlag": true
        },
        {
          "uniqueId": 71,
          "freeFlag": false
        }
      ],
      "outputs": [
        {
          "uniqueId": 72
        }
      ]
    },
    {
      "op": {
        "name": "aten::quantize_linear",
        "overloadName": ""
      },
      "inputs": [
        {
          "uniqueId": 72,
          "freeFlag": false
        },
        {
          "uniqueId": 63,
          "freeFlag": false
        },
        {
          "uniqueId": 50,
          "freeFlag": false
        }
      ],
      "outputs": [
        {
          "uniqueId": 60
        }
      ]
    },
    {
      "op": {
        "name": "prim::Constant___",
        "overloadName": ""
      },
      "outputs": [
        {
          "uniqueId": 64
        }
      ],
      "attributes": [
        {
          "kind": "f",
          "floatValue": 0.000075736
        }
      ]
    },
    {
      "op": {
        "name": "aten::quantize_linear_i32",
        "overloadName": ""
      },
      "inputs": [
        {
          "uniqueId": 7,
          "freeFlag": false
        },
        {
          "uniqueId": 64,
          "freeFlag": false
        },
        {
          "uniqueId": 47,
          "freeFlag": false
        }
      ],
      "outputs": [
        {
          "uniqueId": 61
        }
      ]
    },
    {
      "op": {
        "name": "prim::Constant___",
        "overloadName": ""
      },
      "outputs": [
        {
          "uniqueId": 65
        }
      ],
      "attributes": [
        {
          "kind": "f",
          "floatValue": 0.0508977
        }
      ]
    },
    {
      "op": {
        "name": "quantized::qnnpack_conv2d",
        "overloadName": ""
      },
      "inputs": [
        {
          "uniqueId": 59,
          "freeFlag": true
        },
        {
          "uniqueId": 60,
          "freeFlag": true
        },
        {
          "uniqueId": 61,
          "freeFlag": true
        },
        {
          "uniqueId": 12,
          "freeFlag": true
        },
        {
          "uniqueId": 11,
          "freeFlag": true
        },
        {
          "uniqueId": 16,
          "freeFlag": true
        },
        {
          "uniqueId": 13,
          "freeFlag": false
        },
        {
          "uniqueId": 65,
          "freeFlag": false
        },
        {
          "uniqueId": 47,
          "freeFlag": false
        }
      ],
      "outputs": [
        {
          "uniqueId": 18
        }
      ]
    },
    {
      "op": {
        "name": "quantized::qnnpack_relu(Tensor input) -> Tensor",
        "overloadName": ""
      },
      "inputs": [
        {
          "uniqueId": 18,
          "freeFlag": true
        }
      ],
      "outputs": [
        {
          "uniqueId": 19
        }
      ]
    },
    {
      "op": {
        "name": "prim::Constant___",
        "overloadName": ""
      },
      "outputs": [
        {
          "uniqueId": 20
        }
      ],
      "attributes": [
        {
          "kind": "is",
          "intList": [
            "2",
            "2"
          ]
        }
      ]
    },
    {
      "op": {
        "name": "prim::Constant___",
        "overloadName": ""
      },
      "outputs": [
        {
          "uniqueId": 21
        }
      ],
      "attributes": [
        {
          "kind": "is",
          "intList": [
            "0",
            "0"
          ]
        }
      ]
    },
    {
      "op": {
        "name": "prim::Constant___",
        "overloadName": ""
      },
      "outputs": [
        {
          "uniqueId": 22
        }
      ],
      "attributes": [
        {
          "kind": "is",
          "intList": [
            "1",
            "1"
          ]
        }
      ]
    },
    {
      "op": {
        "name": "quantized::qnnpack_max_pool2d(Tensor input, int[] kernel_size, int[] stride, int[] dilation, int[] padding) -> Tensor",
        "overloadName": ""
      },
      "inputs": [
        {
          "uniqueId": 19,
          "freeFlag": true
        },
        {
          "uniqueId": 10,
          "freeFlag": true
        },
        {
          "uniqueId": 20,
          "freeFlag": true
        },
        {
          "uniqueId": 22,
          "freeFlag": true
        },
        {
          "uniqueId": 21,
          "freeFlag": true
        }
      ],
      "outputs": [
        {
          "uniqueId": 23
        }
      ]
    },
    {
      "op": {
        "name": "prim::Constant___",
        "overloadName": ""
      },
      "outputs": [
        {
          "uniqueId": 24
        }
      ],
      "attributes": [
        {
          "kind": "is",
          "intList": [
            "1",
            "1"
          ]
        }
      ]
    },
    {
      "op": {
        "name": "prim::Constant___",
        "overloadName": ""
      },
      "outputs": [
        {
          "uniqueId": 25
        }
      ],
      "attributes": [
        {
          "kind": "is",
          "intList": [
            "0",
            "0"
          ]
        }
      ]
    },
    {
      "op": {
        "name": "prim::Constant___",
        "overloadName": ""
      },
      "outputs": [
        {
          "uniqueId": 26
        }
      ],
      "attributes": [
        {
          "kind": "is",
          "intList": [
            "1",
            "1"
          ]
        }
      ]
    },
    {
      "op": {
        "name": "prim::Constant___",
        "overloadName": ""
      },
      "outputs": [
        {
          "uniqueId": 27
        }
      ],
      "attributes": [
        {
          "kind": "is",
          "intList": [
            "0",
            "0"
          ]
        }
      ]
    },
    {
     "op": {
       "name": "prim::Constant___",
       "overloadName": ""
     },
     "outputs": [
       {
         "uniqueId": 75
       }
     ],
     "attributes": [
       {
         "kind": "is",
         "intList": [
           "0",
           "2",
           "3",
           "1"
         ]
       }
     ]
   },
    {
      "op": {
        "name": "aten::permute_Tensor_int[]__Tensor",
        "overloadName": ""
      },
      "inputs": [
        {
          "uniqueId": 6,
          "freeFlag": true
        },
        {
          "uniqueId": 75,
          "freeFlag": false
        }
      ],
      "outputs": [
        {
          "uniqueId": 74
        }
      ]
    },


    {
      "op": {
        "name": "prim::Constant___",
        "overloadName": ""
      },
      "outputs": [
        {
          "uniqueId": 66
        }
      ],
      "attributes": [
        {
          "kind": "f",
          "floatValue": 0.0005
        }
      ]
    },
    {
      "op": {
        "name": "aten::quantize_linear",
        "overloadName": ""
      },
      "inputs": [
        {
          "uniqueId": 74,
          "freeFlag": false
        },
        {
          "uniqueId": 66,
          "freeFlag": false
        },
        {
          "uniqueId": 50,
          "freeFlag": false
        }
      ],
      "outputs": [
        {
          "uniqueId": 69
        }
      ]
    },
    {
      "op": {
        "name": "prim::Constant___",
        "overloadName": ""
      },
      "outputs": [
        {
          "uniqueId": 67
        }
      ],
      "attributes": [
        {
          "kind": "f",
          "floatValue": 0.000032199
        }
      ]
    },
    {
      "op": {
        "name": "aten::quantize_linear_i32",
        "overloadName": ""
      },
      "inputs": [
        {
          "uniqueId": 5,
          "freeFlag": false
        },
        {
          "uniqueId": 67,
          "freeFlag": false
        },
        {
          "uniqueId": 47,
          "freeFlag": false
        }
      ],
      "outputs": [
        {
          "uniqueId": 70
        }
      ]
    },
    {
      "op": {
        "name": "prim::Constant___",
        "overloadName": ""
      },
      "outputs": [
        {
          "uniqueId": 68
        }
      ],
      "attributes": [
        {
          "kind": "f",
          "floatValue": 0.070365
        }
      ]
    },
    {
      "op": {
        "name": "quantized::qnnpack_conv2d",
        "overloadName": ""
      },
      "inputs": [
        {
          "uniqueId": 23,
          "freeFlag": true
        },
        {
          "uniqueId": 69,
          "freeFlag": false
        },
        {
          "uniqueId": 70,
          "freeFlag": true
        },
        {
          "uniqueId": 24,
          "freeFlag": true
        },
        {
          "uniqueId": 25,
          "freeFlag": true
        },
        {
          "uniqueId": 26,
          "freeFlag": true
        },
        {
          "uniqueId": 13,
          "freeFlag": false
        },
        {
          "uniqueId": 68,
          "freeFlag": false
        },
        {
          "uniqueId": 47,
          "freeFlag": true
        }
      ],
      "outputs": [
        {
          "uniqueId": 28
        }
      ]
    },
    {
      "op": {
        "name": "quantized::qnnpack_relu(Tensor input) -> Tensor",
        "overloadName": ""
      },
      "inputs": [
        {
          "uniqueId": 28,
          "freeFlag": true
        }
      ],
      "outputs": [
        {
          "uniqueId": 29
        }
      ]
    },
    {
      "op": {
        "name": "prim::Constant___",
        "overloadName": ""
      },
      "outputs": [
        {
          "uniqueId": 30
        }
      ],
      "attributes": [
        {
          "kind": "is",
          "intList": [
            "2",
            "2"
          ]
        }
      ]
    },
    {
      "op": {
        "name": "prim::Constant___",
        "overloadName": ""
      },
      "outputs": [
        {
          "uniqueId": 31
        }
      ],
      "attributes": [
        {
          "kind": "is",
          "intList": [
            "2",
            "2"
          ]
        }
      ]
    },
    {
      "op": {
        "name": "prim::Constant___",
        "overloadName": ""
      },
      "outputs": [
        {
          "uniqueId": 32
        }
      ],
      "attributes": [
        {
          "kind": "is",
          "intList": [
            "0",
            "0"
          ]
        }
      ]
    },
    {
      "op": {
        "name": "prim::Constant___",
        "overloadName": ""
      },
      "outputs": [
        {
          "uniqueId": 33
        }
      ],
      "attributes": [
        {
          "kind": "is",
          "intList": [
            "1",
            "1"
          ]
        }
      ]
    },
    {
      "op": {
        "name": "quantized::qnnpack_max_pool2d(Tensor input, int[] kernel_size, int[] stride, int[] dilation, int[] padding) -> Tensor",
        "overloadName": ""
      },
      "inputs": [
        {
          "uniqueId": 29,
          "freeFlag": true
        },
        {
          "uniqueId": 30,
          "freeFlag": true
        },
        {
          "uniqueId": 31,
          "freeFlag": true
        },
        {
          "uniqueId": 33,
          "freeFlag": true
        },
        {
          "uniqueId": 32,
          "freeFlag": true
        }
      ],
      "outputs": [
        {
          "uniqueId": 34
        }
      ]
    },

   {
     "op": {
       "name": "prim::Constant___",
       "overloadName": ""
     },
     "outputs": [
       {
         "uniqueId": 47
       }
     ],
     "attributes": [
       {
         "kind": "i",
         "intValue": "0"
       }
     ]
   },
    {
     "op": {
       "name": "prim::Constant___",
       "overloadName": ""
     },
     "outputs": [
       {
         "uniqueId": 49
       }
     ],
     "attributes": [
       {
         "kind": "f",
         "floatValue": 0.0003
       }
     ]
   },
   {
     "op": {
       "name": "prim::Constant___",
       "overloadName": ""
     },
     "outputs": [
       {
         "uniqueId": 50
       }
     ],
     "attributes": [
       {
         "kind": "i",
         "intValue": "128"
       }
     ]
   },
    {
        "op": {
            "name": "aten::quantize_linear",
            "overloadName": ""
        },
        "inputs": [
            {
                "uniqueId": 4,
                "freeFlag": true
            },
            {
                "uniqueId": 49,
                "freeFlag": true
            },
            {
                "uniqueId": 50,
                "freeFlag": false
            }
        ],
        "outputs": [
            {
                "uniqueId": 36
            }
        ]
    },

    {
     "op": {
       "name": "prim::Constant___",
       "overloadName": ""
     },
     "outputs": [
       {
         "uniqueId": 51
       }
     ],
     "attributes": [
       {
         "kind": "f",
         "floatValue": 0.0000133
       }
     ]
   },
    {
        "op": {
            "name": "aten::quantize_linear_i32",
            "overloadName": ""
        },
        "inputs": [
            {
                "uniqueId": 3,
                "freeFlag": true
            },
            {
                "uniqueId": 51,
                "freeFlag": false
            },
            {
                "uniqueId": 47,
                "freeFlag": false
            }
        ],
        "outputs": [
            {
                "uniqueId": 52
            }
        ]
    },
    {
     "op": {
       "name": "prim::Constant___",
       "overloadName": ""
     },
     "outputs": [
       {
         "uniqueId": 53
       }
     ],
     "attributes": [
       {
         "kind": "f",
         "floatValue": 0.0529
       }
     ]
   },

   {
     "op": {
       "name": "aten::dequantize",
       "overloadName": ""
     },
     "inputs": [
       {
         "uniqueId": 34,
         "freeFlag": false
       }
     ],
     "outputs": [
       {
         "uniqueId": 77
       }
     ]
   },

   {
    "op": {
      "name": "prim::Constant___",
      "overloadName": ""
    },
    "outputs": [
      {
        "uniqueId": 78
      }
    ],
    "attributes": [
      {
        "kind": "is",
        "intList": [
          "0",
          "3",
          "1",
          "2"
        ]
      }
    ]
   },

   {
     "op": {
       "name": "aten::permute_Tensor_int[]__Tensor",
       "overloadName": ""
     },
     "inputs": [
       {
         "uniqueId": 77,
         "freeFlag": true
       },
       {
         "uniqueId": 78,
         "freeFlag": false
       }
     ],
     "outputs": [
       {
         "uniqueId": 79
       }
     ]
   },
   {
    "op": {
      "name": "prim::Constant___",
      "overloadName": ""
    },
    "outputs": [
      {
        "uniqueId": 80
      }
    ],
    "attributes": [
      {
        "kind": "f",
        "floatValue": 0.070365
      }
    ]
  },

  {
      "op": {
          "name": "aten::quantize_linear",
          "overloadName": ""
      },
      "inputs": [
          {
              "uniqueId": 79,
              "freeFlag": true
          },
          {
              "uniqueId": 80,
              "freeFlag": true
          },
          {
              "uniqueId": 47,
              "freeFlag": false
          }
      ],
      "outputs": [
          {
              "uniqueId": 81
          }
      ]
  },


    {
      "op": {
        "name": "quantized::qnnpack_fc(Tensor X, Tensor W, Tensor b, float Y_scale, int Y_zero_point) -> Tensor",
        "overloadName": ""
      },
      "inputs": [
        {
          "uniqueId": 81,
          "freeFlag": true
        },
        {
          "uniqueId": 36,
          "freeFlag": true
        },
        {
            "uniqueId": 52,
            "freeFlag": true
        },
        {
            "uniqueId": 53,
            "freeFlag": true
        },
        {
            "uniqueId": 47,
            "freeFlag": false
        }
      ],
      "outputs": [
        {
          "uniqueId": 38
        }
      ]
    },

   {
     "op": {
       "name": "quantized::qnnpack_relu(Tensor input) -> Tensor",
       "overloadName": ""
     },
     "inputs": [
       {
         "uniqueId": 38,
         "freeFlag": true
       }
     ],
     "outputs": [
       {
         "uniqueId": 45
       }
     ]
   },

   {
    "op": {
      "name": "prim::Constant___",
      "overloadName": ""
    },
    "outputs": [
      {
        "uniqueId": 54
      }
    ],
    "attributes": [
      {
        "kind": "f",
        "floatValue": 0.0005
      }
    ]
  },
  {
      "op": {
          "name": "aten::quantize_linear",
          "overloadName": ""
      },
      "inputs": [
          {
              "uniqueId": 2,
              "freeFlag": true
          },
          {
              "uniqueId": 54,
              "freeFlag": true
          },
          {
              "uniqueId": 50,
              "freeFlag": false
          }
      ],
      "outputs": [
          {
              "uniqueId": 56
          }
      ]
  },

  {
   "op": {
     "name": "prim::Constant___",
     "overloadName": ""
   },
   "outputs": [
     {
       "uniqueId": 55
     }
   ],
   "attributes": [
     {
       "kind": "f",
       "floatValue": 0.0000472
     }
   ]
 },
 {
     "op": {
         "name": "aten::quantize_linear_i32",
         "overloadName": ""
     },
     "inputs": [
         {
             "uniqueId": 1,
             "freeFlag": true
         },
         {
             "uniqueId": 55,
             "freeFlag": true
         },
         {
             "uniqueId": 47,
             "freeFlag": false
         }
     ],
     "outputs": [
         {
             "uniqueId": 57
         }
     ]
 },

 {
  "op": {
    "name": "prim::Constant___",
    "overloadName": ""
  },
  "outputs": [
    {
      "uniqueId": 58
    }
  ],
  "attributes": [
    {
      "kind": "f",
      "floatValue": 0.08936
    }
  ]
 },

 {
   "op": {
     "name": "quantized::qnnpack_fc(Tensor X, Tensor W, Tensor b, float Y_scale, int Y_zero_point) -> Tensor",
     "overloadName": ""
   },
   "inputs": [
     {
       "uniqueId": 45,
       "freeFlag": true
     },
     {
       "uniqueId": 56,
       "freeFlag": true
     },
     {
         "uniqueId": 57,
         "freeFlag": true
     },
     {
         "uniqueId": 58,
         "freeFlag": true
     },
     {
         "uniqueId": 47,
         "freeFlag": false
     }
   ],
   "outputs": [
     {
       "uniqueId": 41
     }
   ]
 },
   {
     "op": {
       "name": "aten::dequantize",
       "overloadName": ""
     },
     "inputs": [
       {
         "uniqueId": 41,
         "freeFlag": true
       }
     ],
     "outputs": [
       {
         "uniqueId": 42
       }
     ]
   },

    {
      "op": {
        "name": "aten::log_softmax_Tensor_int__Tensor",
        "overloadName": ""
      },
      "inputs": [
        {
          "uniqueId": 42,
          "freeFlag": true
        },
        {
          "uniqueId": 13,
          "freeFlag": true
        }
      ],
      "outputs": [
        {
          "uniqueId": 43
        }
      ]
    },
    {
      "op": {
        "name": "prim::Store___",
        "overloadName": ""
      },
      "inputs": [
        {
          "uniqueId": 43,
          "freeFlag": true
        }
      ]
    }
  ],
  "tensors": [
    {
      "dims": [
        "10"
      ],
      "offset": "0",
      "strides": [
        "1"
      ],
      "requiresGrad": true,
      "dataType": "FLOAT",
      "data": {
        "key": "tensors\/0"
      },
      "device": "cpu"
    },
    {
      "dims": [
        "10",
        "500"
      ],
      "offset": "0",
      "strides": [
        "500",
        "1"
      ],
      "requiresGrad": true,
      "dataType": "FLOAT",
      "data": {
        "key": "tensors\/1"
      },
      "device": "cpu"
    },
    {
      "dims": [
        "500"
      ],
      "offset": "0",
      "strides": [
        "1"
      ],
      "requiresGrad": true,
      "dataType": "FLOAT",
      "data": {
        "key": "tensors\/2"
      },
      "device": "cpu"
    },
    {
      "dims": [
        "500",
        "800"
      ],
      "offset": "0",
      "strides": [
        "800",
        "1"
      ],
      "requiresGrad": true,
      "dataType": "FLOAT",
      "data": {
        "key": "tensors\/3"
      },
      "device": "cpu"
    },
    {
      "dims": [
        "50"
      ],
      "offset": "0",
      "strides": [
        "1"
      ],
      "requiresGrad": true,
      "dataType": "FLOAT",
      "data": {
        "key": "tensors\/4"
      },
      "device": "cpu"
    },
    {
      "dims": [
        "50",
        "20",
        "5",
        "5"
      ],
      "offset": "0",
      "strides": [
        "500",
        "25",
        "5",
        "1"
      ],
      "requiresGrad": true,
      "dataType": "FLOAT",
      "data": {
        "key": "tensors\/5"
      },
      "device": "cpu"
    },
    {
      "dims": [
        "20"
      ],
      "offset": "0",
      "strides": [
        "1"
      ],
      "requiresGrad": true,
      "dataType": "FLOAT",
      "data": {
        "key": "tensors\/6"
      },
      "device": "cpu"
    },
    {
      "dims": [
        "20",
        "1",
        "5",
        "5"
      ],
      "offset": "0",
      "strides": [
        "25",
        "25",
        "5",
        "1"
      ],
      "requiresGrad": true,
      "dataType": "FLOAT",
      "data": {
        "key": "tensors\/7"
      },
      "device": "cpu"
    }
  ]
}
